{
    "loss": 2.0307061672210693,
    "accuracy": 0.5179855823516846
}